"","Tumor_Sample_Barcode","Patient","Sample","Treatment","Hugo_Symbol","Reference_Allele","HGVSp","HGVSp_Short"
"1","PCA113_113B_CM-","PCA113","113B","CM-","TP53","C","p.Glu221Ter","p.E221*"
"2","PCA113_113B_CM+","PCA113","113B","CM+","TP53","C","p.Glu221Ter","p.E221*"
"3","PCA113_113B_T1","PCA113","113B","T1","TP53","C","p.Glu221Ter","p.E221*"
"4","PCA113_113B_T2","PCA113","113B","T2","TP53","C","p.Glu221Ter","p.E221*"
"5","PCA128_128RT_CM-","PCA128","128RT","CM-","TP53","C","p.Gly199Glu","p.G199E"
"6","PCA128_128RT_CM+","PCA128","128RT","CM+","TP53","C","p.Gly199Glu","p.G199E"
"7","PCA128_128RT_T1","PCA128","128RT","T1","TP53","C","p.Gly199Glu","p.G199E"
"8","PCA128_128RT_T2","PCA128","128RT","T2","TP53","C","p.Gly199Glu","p.G199E"
"9","PCA128_128RT_TISSUE","PCA128","128RT","TISSUE","TP53","C","p.Gly199Glu","p.G199E"
"10","PCA67_67B_CM-","PCA67","67B","CM-","TP53","CAGTTGGCAAAA","p.Phe134_Leu137del","p.F134_L137del"
"11","PCA67_67B_CM+","PCA67","67B","CM+","TP53","CAGTTGGCAAAA","p.Phe134_Leu137del","p.F134_L137del"
"12","PCA67_67B_T1","PCA67","67B","T1","TP53","CAGTTGGCAAAA","p.Phe134_Leu137del","p.F134_L137del"
"13","PCA67_67B_T2","PCA67","67B","T2","TP53","CAGTTGGCAAAA","p.Phe134_Leu137del","p.F134_L137del"
"14","PCA67_67RT_CM-","PCA67","67RT","CM-","TP53","CAGTTGGCAAAA","p.Phe134_Leu137del","p.F134_L137del"
"15","PCA67_67RT_CM+","PCA67","67RT","CM+","TP53","CAGTTGGCAAAA","p.Phe134_Leu137del","p.F134_L137del"
"16","PCA67_67RT_T1","PCA67","67RT","T1","TP53","CAGTTGGCAAAA","p.Phe134_Leu137del","p.F134_L137del"
"17","PCA67_67RT_T2","PCA67","67RT","T2","TP53","CAGTTGGCAAAA","p.Phe134_Leu137del","p.F134_L137del"
"18","PCA67_67RT_TISSUE","PCA67","67RT","TISSUE","TP53","CAGTTGGCAAAA","p.Phe134_Leu137del","p.F134_L137del"
"19","PCA117_117B_CM-","PCA117","117B","CM-","TP53","C","p.Gly199Glu","p.G199E"
"20","PCA123_123B_CM-","PCA123","123B","CM-","TP53","C","p.Cys238LeufsTer9","p.C238Lfs*9"
"21","PCA123_123B_CM-","PCA123","123B","CM-","TP53","CACATG","p.Met237_Cys238del","p.M237_C238del"
"22","PCA123_123B_CM-","PCA123","123B","CM-","TP53","CATGT","p.Tyr236LeufsTer2","p.Y236Lfs*2"
"23","PCA123_123B_CM-","PCA123","123B","CM-","TP53","T","p.Tyr236Phe","p.Y236F"
"24","PCA124_124B_CM-","PCA124","124B","CM-","TP53","G","p.Arg306Ter","p.R306*"
"25","PCA124_124B_CM+","PCA124","124B","CM+","TP53","G","p.Arg306Ter","p.R306*"
"26","PCA124_124B_T1","PCA124","124B","T1","TP53","G","p.Arg306Ter","p.R306*"
"27","PCA124_124B_T2","PCA124","124B","T2","TP53","G","p.Arg306Ter","p.R306*"
"28","PCA127_127B_CM-","PCA127","127B","CM-","TP53","A","p.Leu130Pro","p.L130P"
"29","PCA35_35B_CM-","PCA35","35B","CM-","TP53","C","p.Arg158His","p.R158H"
"30","PCA63_63RT3_CM-","PCA63","63RT3","CM-","TP53","-","p.Ter394TrpfsTer77","p.*394Wfs*77"
"31","PCA63_63RT3_TISSUE","PCA63","63RT3","TISSUE","TP53","-","p.Ter394TrpfsTer77","p.*394Wfs*77"
"32","PCA71_71B_CM-","PCA71","71B","CM-","TP53","C","p.Gly105Val","p.G105V"
"33","PCA76_76B_CM-","PCA76","76B","CM-","TP53","G","p.Pro278Leu","p.P278L"
"34","PCA92_92B_CM-","PCA92","92B","CM-","TP53","G","p.Pro98LeufsTer25","p.P98Lfs*25"
